{
    "0": {
        "precision": 0.9820919131147078,
        "recall": 0.9925775785777499,
        "f1-score": 0.9873069059518401,
        "support": 35029
    },
    "1": {
        "precision": 0.8933989339893399,
        "recall": 0.7746178457163171,
        "f1-score": 0.8297791317593297,
        "support": 2813
    },
    "accuracy": 0.9763754558427145,
    "macro avg": {
        "precision": 0.9377454235520238,
        "recall": 0.8835977121470335,
        "f1-score": 0.908543018855585,
        "support": 37842
    },
    "weighted avg": {
        "precision": 0.9754988855189237,
        "recall": 0.9763754558427145,
        "f1-score": 0.9755970167069923,
        "support": 37842
    }
}