{
    "0": {
        "precision": 0.9929098792921599,
        "recall": 0.9674840846156042,
        "f1-score": 0.980032099015341,
        "support": 35029
    },
    "1": {
        "precision": 0.6929919137466307,
        "recall": 0.913970849626733,
        "f1-score": 0.7882875977311052,
        "support": 2813
    },
    "accuracy": 0.9635061571798531,
    "macro avg": {
        "precision": 0.8429508965193953,
        "recall": 0.9407274671211686,
        "f1-score": 0.8841598483732231,
        "support": 37842
    },
    "weighted avg": {
        "precision": 0.9706153589951467,
        "recall": 0.9635061571798531,
        "f1-score": 0.9657786958624276,
        "support": 37842
    }
}