{
    "0": {
        "precision": 0.9837195450548827,
        "recall": 0.9901224699534671,
        "f1-score": 0.9869106223145434,
        "support": 35029
    },
    "1": {
        "precision": 0.8661508704061895,
        "recall": 0.7959473871311766,
        "f1-score": 0.8295665061133752,
        "support": 2813
    },
    "accuracy": 0.9756883885629724,
    "macro avg": {
        "precision": 0.9249352077305362,
        "recall": 0.8930349285423218,
        "f1-score": 0.9082385642139593,
        "support": 37842
    },
    "weighted avg": {
        "precision": 0.9749800312398947,
        "recall": 0.9756883885629724,
        "f1-score": 0.9752143853589416,
        "support": 37842
    }
}