{
    "0": {
        "precision": 0.9910592643051771,
        "recall": 0.9968026492334923,
        "f1-score": 0.9939226597970425,
        "support": 35029
    },
    "1": {
        "precision": 0.957088122605364,
        "recall": 0.8880199075719872,
        "f1-score": 0.9212612944864467,
        "support": 2813
    },
    "accuracy": 0.9887162412134666,
    "macro avg": {
        "precision": 0.9740736934552705,
        "recall": 0.9424112784027397,
        "f1-score": 0.9575919771417446,
        "support": 37842
    },
    "weighted avg": {
        "precision": 0.9885340060841113,
        "recall": 0.9887162412134666,
        "f1-score": 0.9885213485392149,
        "support": 37842
    }
}