{
    "0": {
        "precision": 0.9935593918183689,
        "recall": 0.9644580204973022,
        "f1-score": 0.9787924440839031,
        "support": 35029
    },
    "1": {
        "precision": 0.6756967960406356,
        "recall": 0.9221471738357625,
        "f1-score": 0.7799158147925436,
        "support": 2813
    },
    "accuracy": 0.9613128270175995,
    "macro avg": {
        "precision": 0.8346280939295023,
        "recall": 0.9433025971665323,
        "f1-score": 0.8793541294382233,
        "support": 37842
    },
    "weighted avg": {
        "precision": 0.969930950353257,
        "recall": 0.9613128270175995,
        "f1-score": 0.9640088713817048,
        "support": 37842
    }
}